,y,x,mass,size,ecc,signal,raw_mass,ep,frame
0,1.9765494137353434,176.98324958123953,169.30888677802363,1.2127187502340266,0.4828038006536387,29.777944910707674,1753.0,0.020389031843165498,0
1,1.654867256637168,309.4159292035398,32.04674071342826,1.055956555823965,0.4295694990147967,7.089986883501827,777.0,0.05016148600025003,0
2,4.172983479105929,112.93002915451895,291.8238601249352,1.2883570722351128,0.15063374179366565,37.43513074488965,2308.0,0.015244015234047606,0
3,4.020903010033445,296.0702341137124,339.18497250672743,1.2175555312066495,0.2806950325398064,52.18230346257345,2016.0,0.017577699393665953,0
4,3.657169117647059,361.0055147058824,308.55622916999954,1.2024026192684085,0.15441173525093438,51.898703987233375,1586.0,0.02269374608980976,0
5,4.941738299904489,20.019102196752627,296.9286506810565,1.352418329905356,0.4518712433018711,49.62990818451279,1303.0,0.028070812954245256,0
6,5.084507042253521,32.98483206933911,261.7623157388875,1.3215441245904114,0.4476803323561556,48.4955102831525,1345.0,0.027117253446762198,0
7,5.046697038724373,55.62186788154897,249.00033934858416,1.3031414645147261,0.12840104674742506,43.67431920237126,1951.0,0.01819784426073811,0
8,5.159859154929578,187.7823943661972,402.71125498290377,1.2671360632611248,0.20240665906721905,53.600300839273814,2277.0,0.015461948287660057,0
9,5.834728033472803,39.98535564853557,271.1210984251099,1.3698792054983913,0.45337485552363915,49.34630870917272,1357.0,0.026856592674056608,0
10,6.232424677187948,256.0803443328551,197.66883431203095,1.2528303680600295,0.11802040106413902,28.076348058667236,1451.0,0.024975980946240973,0
11,5.926222935044105,323.69446672012833,353.64854574907116,1.3035636800106172,0.02826562511452174,48.4955102831525,2299.0,0.015306650636624763,0
12,6.913374913374914,216.93624393624393,409.23404291572547,1.2818364338341468,0.11378487257157106,55.30189769131425,2515.0,0.0139327118151744,0
13,7.2692003167062555,235.90577988915283,358.1861373545123,1.243510470316283,0.14073003638950726,51.047905561213156,1990.0,0.017820615267165177,0
14,8.137687555163284,75.89408649602824,321.31820556030283,1.2771327108664348,0.3139123728999509,40.838324448970525,2282.0,0.015426377294627612,0
15,7.755737704918033,288.7573770491803,172.9956799574446,1.1935619648490925,0.36273098606638954,31.479541762748113,1476.0,0.024519345876156663,0
16,8.869829683698297,139.7360097323601,233.11876872954008,1.349957194959842,0.1164979715736744,27.792748583327164,2971.0,0.011713129475862182,0
17,9.167763157894736,146.15542763157896,344.85696201352886,1.1388041973930374,0.23417861623001562,61.54108614879586,2129.0,0.016594583637286595,0
18,8.639411283728537,224.71463614063777,346.8421583409094,1.2002997717693553,0.1651894877745121,56.15269611733447,1833.0,0.019443120613962674,0
19,11.256849315068493,178.18721461187215,248.43314039790403,1.2317155871674406,0.15535402333861167,38.28592917090987,1851.0,0.019242261104125625,0
20,11.078512396694215,280.90358126721765,205.89321909689306,1.2700187630118713,0.34491315177775794,26.374751206626797,1911.0,0.018601703927594453,0
21,10.980582524271846,316.68689320388347,116.84298384011011,1.2257353647774138,0.06571468994723069,19.001164847784896,854.0,0.04497974258429274,0
22,11.163509471585243,370.7168494516451,284.4502737660933,1.1973716646430754,0.2316935820870128,45.3759160544117,1492.0,0.02423576082084025,0
23,12.252777777777778,292.80555555555554,102.09581112242631,1.2190615698606495,0.1882892323710022,15.59797114370402,950.0,0.03984771019516197,0
24,11.705414012738853,299.01751592356686,178.1004705135659,1.2453736041898185,0.3067421378568005,25.523952780606578,1457.0,0.02486484427921155,0
25,13.112825458052074,128.01832208293155,294.0926559276558,1.268261020988094,0.44311241253271066,42.53992130101096,2490.0,0.01407897823122457,0
26,12.585987261146498,243.18926296633302,311.6758233987403,1.2031956236731438,0.11061084315352547,51.047905561213156,2102.0,0.016819353060572393,0
27,12.878787878787879,270.3856749311295,205.89321909689306,1.2264306875665492,0.1509117630085601,32.33034018876833,1699.0,0.02108131848730243,0
28,14.120274914089347,113.24398625429554,247.5823419718838,1.3186476463105203,0.29931486242490873,33.748337565468695,2255.0,0.015620429464343525,0
29,13.640275387263339,350.13769363166955,329.5425903451649,1.2341943932558737,0.17191926303430038,50.48070661053301,1710.0,0.02093651048136057,0
30,16.05482815057283,36.20785597381342,346.5585588655693,1.2732293311197194,0.09082843924500467,46.226714480431916,2800.0,0.012457333411209796,0
31,16.007069913589945,184.0879811468971,361.022132107913,1.1794922150274203,0.23087138907461785,57.570693494034835,2245.0,0.015693545368865497,0
32,15.760445682451254,249.24791086350976,203.6244232941725,1.2500696359433425,0.17405582894243707,30.912342812067966,1562.0,0.023068489856626496,0
33,17.05799812909261,27.85687558465856,303.1678391385381,1.319423861567366,0.388297015604556,37.71873022022972,2905.0,0.011989580815373563,0
34,17.15274949083503,143.64663951120164,278.49468478395175,1.2672435889147837,0.2901854790622919,37.43513074488965,2548.0,0.013744230696819501,0
35,16.726881720430107,219.7494623655914,263.747512066268,1.2627840891910138,0.26126838901640703,37.15153126954957,1623.0,0.022139287177186457,0
36,18.885036496350367,21.891423357664234,310.8250249727201,1.2718886468268389,0.1005453727463006,39.987526022950306,2396.0,0.014657551326631855,0
37,19.25496688741722,193.25082781456953,342.5881662108083,1.3387376677476277,0.26635170121892227,45.09231657907162,2645.0,0.01321860613327043,0
38,20.079254079254078,67.61771561771562,243.3283498417827,1.29819670517017,0.13714857786047782,31.479541762748113,1835.0,0.01942059605268709,0
39,19.81726618705036,315.1453237410072,197.1016353613508,1.2592106697417105,0.1385540056979188,27.50914910798709,1462.0,0.02477298312991506,0
40,20.772673733804474,117.73851590106007,240.77595456372205,1.2753899609196417,0.03956343787235542,32.897539139448476,1928.0,0.01842789376386707,0
41,21.108333333333334,279.09166666666664,136.12774816323508,1.3133925536563698,0.1046953648437291,16.448769569724238,1086.0,0.03430307309016561,0
42,21.810191082802547,33.745222929936304,222.62558814195737,1.2674263003234518,0.23839462345062123,34.315536516148846,2588.0,0.013522495270381879,0
43,22.2210970464135,127.0379746835443,336.0653782779866,1.243039693382675,0.17276406463141808,48.4955102831525,1859.0,0.019154316223618306,0
44,23.044572250179726,243.30625449317037,394.4868701980417,1.2467066608479846,0.19312214291918878,54.45109926529403,2184.0,0.01615481046082172,0
45,23.0,305.312925170068,83.37824574998149,1.1923794310046585,0.2290894755501301,13.612774816323508,765.0,0.051078525002925784,0
46,23.998659517426272,2.233243967828418,211.56520860369451,1.2345560685230452,0.032986750370986334,32.04674071342826,2194.0,0.0160773439510146,0
47,23.756572541382667,211.88802336903603,291.25666117425504,1.316881625352056,0.25218999433162487,34.315536516148846,2545.0,0.013761154360144813,0
48,23.861635220125788,257.8075471698113,225.4615828953581,1.292941651122566,0.3836355827980764,30.34514386138782,1880.0,0.01892724031338344,0
49,24.673870333988212,27.388015717092337,288.7042658961944,1.2634346799774592,0.2241609644971276,44.52511762839148,2235.0,0.015767348972323167,0
50,26.039449541284405,62.04862385321101,309.12342812067965,1.2836301733826407,0.29835940260928945,39.987526022950306,1836.0,0.019409353331492407,0
51,25.63888888888889,285.69444444444446,112.30539223466894,1.1503183573395337,0.1818993555044429,19.568363798465043,757.0,0.051708742021251364,0
52,27.33812949640288,193.94604316546761,78.84065414454032,1.2099705686414102,0.38364490265767937,13.045575865643363,625.0,0.06492649692883234,0
53,26.8355091383812,251.18015665796344,325.855797165744,1.2411567080309962,0.08354579580147786,45.09231657907162,2000.0,0.017726395732625615,0
54,27.97648261758691,149.26278118609406,277.3602868825915,1.2024174695009822,0.32051137714367467,44.808717103731546,2244.0,0.01570089462334541,0
55,28.91283676703645,11.893026941362915,357.90253787917226,1.3473575712195565,0.09341351169981342,40.27112549829038,2840.0,0.012274901455682065,0
56,28.978537360890304,203.04213036565977,356.7681399778119,1.3079188920949523,0.19171110876040928,42.25632182567089,2794.0,0.012485166955507568,0
57,29.044444444444444,369.99444444444447,306.28743336727894,1.3263707095903692,0.014793028879642199,35.166334942169065,2120.0,0.016668836289497068,0
58,28.825082508250826,390.1122112211221,85.93064102804215,1.2145976802021627,0.07993576417478628,14.179973767003654,1178.0,0.03135197540459573,0
59,30.065573770491802,176.327868852459,34.599135991488914,1.3305982877182312,0.08624176239900627,4.821191080781243,404.0,0.11350166211881345,0
60,30.41016548463357,312.8416075650118,239.92515613770183,1.2208782638840723,0.16803391283758534,37.71873022022972,1869.0,0.019045509167442055,0
61,30.267629566694985,351.0271877655055,333.796582475266,1.2940619890893084,0.20426917483844373,41.40552339965067,2659.0,0.013146044572075341,0
62,31.897975708502024,167.8421052631579,350.2453520449903,1.292457095662968,0.20474094156221329,42.82352077635104,2863.0,0.012172402375029654,0
63,31.967229394240317,282.80734856007945,285.5846716674536,1.2569568079613702,0.20165239879572647,39.42032707227016,2181.0,0.01617819619664003,0
64,33.12785862785863,341.0654885654886,272.82269527715033,1.2944789205219511,0.087160774869922,34.03193704080877,1925.0,0.01845832973574798,0
65,33.84963768115942,89.02264492753623,313.0938207754407,1.33208728007557,0.38383625525989645,38.56952864624994,2585.0,0.013538876954747862,0
66,33.57869249394673,155.58716707021793,234.25316663090038,1.319898007652609,0.182709161278204,34.88273546682899,2357.0,0.01491179715614115,0
67,33.78632478632478,193.80652680652682,364.99252476267407,1.280418540740347,0.32380869390043265,49.06270923383264,2583.0,0.013549820145946849,0
68,35.13067400275103,299.1540577716644,206.17681857223315,1.2604446716491995,0.24874001467625476,26.941950157306945,1669.0,0.021486626394317372,0
69,36.02216538789429,248.98976982097187,332.66218457390573,1.2158375177486576,0.09652951102006349,50.48070661053301,2277.0,0.015461948287660057,0
70,37.27272727272727,173.6727272727273,15.59797114370402,0.9045340337332909,0.32544849333361625,5.104790556121316,259.0,0.22293334388956096,0
71,37.10136157337368,208.214069591528,374.91850639957664,1.3037244448652419,0.08663123278250305,43.39071972703118,2177.0,0.01620948270259264,0
72,38.140928270042195,367.2717299578059,336.0653782779866,1.296213244945178,0.12504806756083053,41.1219239243106,2368.0,0.014839198108255753,0
73,38.82790697674419,2.058139534883721,121.94777439623142,1.2417167410952785,0.07797396948915462,18.433965897104752,1502.0,0.024061827381621072,0
74,39.473684210526315,312.2105263157895,37.71873022022972,1.1665771537447052,0.4469946274993765,7.657185834181973,249.0,0.23881259739689545,0
75,40.394366197183096,183.1338028169014,40.27112549829038,1.3135265938214027,0.07331370357938895,5.671989506801462,449.0,0.0984967200341685,0
76,40.861086375779166,149.10418521816564,318.48221080690206,1.300386955218965,0.34399153741873667,42.25632182567089,2207.0,0.015977741308581123,0
77,41.0587084148728,288.2583170254403,144.91933189877736,1.2713922904298198,0.07229206005667162,19.568363798465043,1124.0,0.03301931696074314,0
78,41.85531914893617,10.893617021276595,66.64587670491717,1.2530813085979084,0.19515714842956675,8.791583735542266,560.0,0.07427583072546429,0
79,42.22243713733076,251.1605415860735,146.6209287508178,1.2792042981336627,0.21522533898371393,19.568363798465043,905.0,0.042099296192617146,0
80,42.83578708946772,28.117780294450736,250.41833672528455,1.2721425021853348,0.29031241498198085,35.449934417509134,1929.0,0.018417770732510337,0
81,43.01859337105901,242.22797089733226,350.8125509956704,1.2192872004920543,0.16713881004047326,50.48070661053301,1936.0,0.01834721973079709,0
82,44.35792349726776,272.21311475409834,103.79740797446675,1.1416123197147927,0.11867681088453981,19.851963273805115,749.0,0.05235470480018038,0
83,43.9726631393298,358.1657848324515,321.6018050356429,1.1904232792474492,0.11524272818114396,52.18230346257345,1746.0,0.020476196767632227,0
84,45.15698924731183,266.0774193548387,131.873756033134,1.305900587367209,0.39019377297762836,17.015968520404385,1076.0,0.034657666093147306,0
85,45.77866339668915,18.990190067443287,462.5507442796592,1.258934958087213,0.15586140326276135,62.39188457481608,2571.0,0.013615852599969447,0
86,46.29141886151232,87.28717077315208,333.796582475266,1.2993037806296641,0.16213072822914934,42.53992130101096,1993.0,0.017792244406922862,0
87,46.27316680096696,125.10072522159548,351.9469488970307,1.2169895884271353,0.15672884331460402,53.600300839273814,2033.0,0.01742241878564817,0
88,45.816192560175054,294.4277899343545,259.2099204608268,1.3143709963224772,0.16487467031068928,33.46473809012863,1952.0,0.0181879723311624,0
89,46.1571072319202,368.82543640897757,113.72338961136931,1.2303315450410885,0.2183717200766984,17.015968520404385,831.0,0.04641183607607857,0
90,46.97948717948718,170.0205128205128,55.30189769131425,1.3048233989947078,0.18570834004285267,7.373586358841901,623.0,0.06517893628001183,0
91,47.39344262295082,342.93806921675775,155.69611196170013,1.1980554980135865,0.15766256960318065,25.523952780606578,846.0,0.04546772934377793,0
92,47.848017621145374,280.69897209985317,386.26248541317955,1.270644499824369,0.18359298828148082,51.047905561213156,2569.0,0.013626920631382034,0
93,49.7678391959799,247.94874371859297,282.18147796337274,1.2481141553253925,0.26799228349427207,39.42032707227016,2270.0,0.015512024162898345,0
94,49.86814621409922,361.96344647519584,217.237198110496,1.255276071494154,0.18773958397874205,33.46473809012863,1775.0,0.020119852397138725,0
95,50.878571428571426,13.378571428571428,39.70392654761023,1.2817398889233114,0.30555519024648053,6.239188457481608,371.0,0.12777627000114294,0
96,53.15335463258786,1.926517571884984,88.76663578144287,1.2266997726698943,0.10277032035458859,14.463573242343728,753.0,0.052029718538090054,0
97,53.134487350199734,21.268308921438084,425.9664119607898,1.2382604524369019,0.22767787947222481,59.55588982141535,2500.0,0.014020104682649599,0
98,53.22974261201144,289.0057197330791,297.4958496317367,1.1914055113474245,0.1861990774886223,49.06270923383264,1509.0,0.0239415519936726,0
99,52.86446568201564,381.1112076455256,326.42299611642414,1.2124463139833945,0.05071437361969242,52.18230346257345,2185.0,0.01614703023244775,0
100,53.743259085580306,242.7936694021102,241.91035246508235,1.2519621177164075,0.06012481162459827,34.315536516148846,1877.0,0.01895934953695256,0
101,54.83561643835616,167.8584474885845,62.10828509947601,1.305065648552579,0.1154300636001645,8.224384784862119,659.0,0.0609157236232605,0
102,55.74266792809839,325.07568590350047,299.76464543445724,1.262215618935591,0.14705262681066278,40.55472497363045,2293.0,0.015348694312236483,0
103,56.83090379008746,31.987609329446066,389.09848016658026,1.256180058030066,0.13253468807701943,50.76430608587308,2370.0,0.014826074162809583,0
104,58.209807073954984,58.241961414791,352.79774732305094,1.2545736263459508,0.1463092063554091,49.06270923383264,1941.0,0.018297156176282713,0
105,58.10414201183432,267.11952662721893,239.64155666236175,1.3220926571473122,0.22345505517790837,28.927146484687455,1977.0,0.0179446084627967,0
106,57.88197424892704,317.32403433476395,264.31471101694814,1.1954850686462895,0.22703794052043072,40.27112549829038,1755.0,0.02036426371809462,0
107,57.97444089456869,357.12886048988287,266.29990734432863,1.3179355851492778,0.1093529128460033,34.03193704080877,1981.0,0.017906273326890394,0
108,57.58860103626943,365.9782383419689,273.67349370317055,1.2241101240717365,0.09884771132137651,46.510313955771984,2344.0,0.014998517199203925,0
109,58.79047619047619,15.821428571428571,119.1117796428307,1.2639695596093474,0.26256175788694436,16.448769569724238,811.0,0.04773337108255036,0
110,58.99183370452858,113.76391982182628,382.00849328307845,1.3267282575340258,0.18935382766146358,41.97272235033082,2367.0,0.014845768797760901,0
111,61.88275862068966,327.3448275862069,41.1219239243106,1.1948163904535924,0.15659813949134968,6.806387408161754,403.0,0.11388720703739558,0
112,60.81612090680101,389.80856423173805,225.17798342001802,1.1510590895813335,0.20665469836232514,39.136727596930086,2089.0,0.016929761251197474,0
113,62.10025273799494,36.34203875315922,336.6325772286668,1.2996662133860966,0.1439094675398719,43.10712025169111,2285.0,0.015405113150071035,0
114,61.763636363636365,372.0325358851675,296.36145173037636,1.3222425491760863,0.2947980019156067,38.00232969556979,2437.0,0.014399450719632945,0
115,61.818474758324385,382.66809881847473,264.031111541608,1.283624031875943,0.21169291031771675,35.166334942169065,1976.0,0.01795421790764064,0
116,63.84386617100372,146.9429987608426,228.86477659943898,1.2485431411116128,0.10096738176453239,30.628743336727894,2468.0,0.014210256717925028,0
117,63.69375,206.02604166666666,272.25549632647017,1.3666412599264421,0.21779535627538052,30.34514386138782,1870.0,0.019034696412459473,0
118,64.18793503480279,317.7088167053364,244.462747743143,1.233240313375152,0.1477546380633105,35.73353389284921,1321.0,0.027654054773208224,0
119,63.96360485268631,355.34662045060657,163.63689727122218,1.2565254285182605,0.10631676667665169,24.389554879246287,1239.0,0.02966011179913587,0
120,65.74773960216999,96.03435804701627,313.66101972612086,1.2632659529935755,0.11602981507199653,42.25632182567089,2227.0,0.015826893542912057,0
121,66.32044198895028,255.61418047882137,307.9890302193194,1.2314928280892907,0.16511776897593122,48.4955102831525,1662.0,0.02158345082999223,0
122,67.05825242718447,295.06796116504853,29.210745960027527,1.2346140468422486,0.04632702898079365,3.970392654761023,228.0,0.28081733318313606,0
123,67.7580283793876,80.88722927557879,379.73969748035785,1.3023217045935365,0.17544662292482324,47.3611123817922,2241.0,0.01572298374457451,0
124,68.98952879581152,46.71989528795812,108.33499957990792,1.0817379849403586,0.35825002798634636,23.538756453226068,519.0,0.08169630396492122,0
125,69.37276478679505,162.7847317744154,412.3536371444663,1.2967529016867525,0.14441897964200545,52.18230346257345,2529.0,0.013852122432127308,0
126,68.97802197802199,170.0464919695689,335.49817932730645,1.2729715105257904,0.03928975507037329,44.52511762839148,2253.0,0.015634998091135794,0
127,70.00568181818181,8.90340909090909,99.82701531970572,1.1942095141290592,0.24444415344012083,16.165170094384166,1013.0,0.03707191892236974,0
128,71.24601769911504,22.76283185840708,320.4674071342826,1.2829722129161816,0.13576481177886876,43.957918677711326,2245.0,0.015693545368865497,0
129,70.80562659846548,363.2531969309463,332.66218457390573,1.255507899318635,0.19409169155424918,47.3611123817922,2178.0,0.01620164973708801,0
130,72.03299293008641,54.185388845247445,361.022132107913,1.366183438541649,0.058071612127371844,39.70392654761023,2725.0,0.0128144281077183,0
131,71.87640449438203,251.14044943820224,50.48070661053301,1.3260569242276647,0.23225806301768992,6.522787932821681,426.0,0.10563432460928104,0
132,73.04088471849866,62.78887399463807,423.13041720738903,1.289262731727289,0.06547129301739774,53.03310188859367,2654.0,0.013171867785656323,0
133,72.80870561282933,265.91867124856816,247.5823419718838,1.1985099569208792,0.1700324958986163,38.85312812159001,1378.0,0.02641229487277058,0
134,74.0340909090909,313.00189393939394,299.4810459591172,1.2068303086761594,0.0730892659979299,51.33150503655323,1652.0,0.02172329501173108,0
135,74.85164394546912,203.24538893344027,353.64854574907116,1.3297532797794491,0.17180025184663036,38.28592917090987,2178.0,0.01620164973708801,0
136,74.84099766173031,243.77630553390492,363.8581268613138,1.1952751878737746,0.17799577809430478,59.27229034607527,1802.0,0.019799054999710214,0
137,75.93417721518988,6.101265822784811,336.0653782779866,1.2159280458391557,0.4086317409023312,55.30189769131425,2133.0,0.01656179438148727,0
138,78.27518656716418,65.9981343283582,304.01863756455833,1.2410124658110842,0.17752079109995064,44.52511762839148,2538.0,0.013800805452829369,0
139,78.19585687382298,103.75612052730696,301.1826428111576,1.2558713333882436,0.2804977649109661,43.67431920237126,2273.0,0.015490523411414003,0
140,79.08880308880309,52.815444015444015,367.26132056539467,1.2697854985607657,0.09636561576798996,51.047905561213156,2518.0,0.013915363819938815,0
141,78.79263711495116,153.12171299774604,377.4709016776373,1.2733174546614858,0.124999211638906,48.21191080781242,2646.0,0.013213396610352283,0
142,79.12707182320442,162.04262036306235,359.3205352558726,1.2415459975725418,0.05369566785130367,50.76430608587308,2622.0,0.013339569293771695,0
143,79.96756756756757,263.1711711711712,157.39770881374056,1.3429830987780909,0.22042438672088394,17.583167471084533,1296.0,0.028236297943429616,0
144,81.97749196141478,343.93408360128615,176.39887366152547,1.2115468043637387,0.3285399929454061,27.225549632647017,1235.0,0.029765439570556884,0
145,82.91883116883118,6.042207792207792,87.34863840474252,1.2792042981336627,0.1337361892815189,12.194777439623143,687.0,0.057966793148538275,0
146,83.36363636363636,166.85858585858585,28.076348058667236,1.1547005383792515,0.23586386344048074,5.104790556121316,380.0,0.12353892001980751,0
147,84.69565217391305,84.80676328502416,58.70509139539513,1.3058767206983344,0.0821329760507488,7.373586358841901,658.0,0.06102660188666997,0
148,84.93373493975903,99.08567603748327,423.6976161580692,1.3214834875110588,0.09162024796869035,47.077512906452135,2970.0,0.01171722298211798,0
149,84.72837370242215,221.15051903114187,327.8409934931245,1.2450594405009838,0.21549029305383813,48.779109758492574,1984.0,0.017877629290857153,0
150,86.41385435168739,112.97424511545293,319.3330092329223,1.2821357625761525,0.19327452619237365,46.510313955771984,2511.0,0.013955909872718372,0
151,86.99725651577504,339.0548696844993,206.74401752291328,1.222783260682902,0.2198582928587527,30.912342812067966,1706.0,0.020988937185687853,0
152,87.89830508474576,345.0484261501211,117.12658331545019,1.2212802396374116,0.17425051378224302,16.732369045064313,1035.0,0.036191534074498745,0
153,89.13104524180967,150.0663026521061,363.5745273859737,1.2196390862792283,0.27098672451573397,58.137892444714986,2771.0,0.012593024382126537,0
154,89.7958833619211,287.13893653516294,330.67698824652524,1.2445421154733833,0.2035889950747831,45.659515529751765,2353.0,0.014938373247304305,0
155,89.82838283828383,322.98514851485146,171.8612820560843,1.3466741822487402,0.42047294764065557,21.26996065050548,1229.0,0.029924841372880404,0
156,90.94565217391305,89.08695652173913,26.091151731286725,1.3870519252999367,0.15399398615952473,3.6867931794209503,347.0,0.14064003942927347,0
157,91.01536098310292,96.85867895545314,369.24651689277516,1.2313119150962784,0.22827595644380694,51.898703987233375,2108.0,0.01676887967858907,0
158,90.745889387145,299.7533632286995,189.7280490025089,1.2462199946387351,0.24358371961268704,27.792748583327164,1284.0,0.028524572267421187,0
159,92.2190635451505,6.752508361204013,339.18497250672743,1.1681389022643145,0.26191434172250355,58.421491920055054,1698.0,0.021094582243124944,0
160,91.75318761384335,134.88979963570128,311.39222392340025,1.3462489207603665,0.41479288260136893,39.42032707227016,2796.0,0.012475875297967468,0
161,91.79069767441861,360.7503875968992,365.8433231886943,1.2357717357771767,0.21726328063777722,53.03310188859367,1938.0,0.018327161469535416,0
162,92.96595744680852,172.05390070921985,399.87526022950306,1.3304934295055526,0.14158486210165705,42.25632182567089,2360.0,0.0148919270602848,0
163,93.70276497695852,127.89247311827957,369.24651689277516,1.3574055853705203,0.28240453513543423,44.2415181530514,2887.0,0.012067256100111494,0
164,94.1830835117773,186.79443254817988,264.88190996762825,1.2927900873112026,0.173892602039154,34.03193704080877,2332.0,0.01507946654987581,0
165,94.04021937842779,292.7248628884826,310.25782602204,1.2483993407867462,0.18535101852835112,45.09231657907162,2248.0,0.01567153882789423,0
166,94.69710467706014,156.14699331848553,254.67232885538564,1.267197950550636,0.3820403635590469,36.58433231886943,1820.0,0.01959081351217633,0
167,96.92817238627295,332.27214684756586,355.3501426011116,1.2394808789013292,0.17424782060685312,51.047905561213156,2016.0,0.017577699393665953,0
168,97.65436893203884,119.74563106796117,146.05372980013763,1.2687429754934914,0.21374789610830236,21.83715960118563,960.0,0.039379680532540595,0
169,98.83679114799446,16.068464730290458,410.0848413417457,1.2179501178728775,0.2305940701731163,62.39188457481608,2309.0,0.01523708737326644,0
170,100.14583333333333,138.29166666666666,27.225549632647017,1.299038105676658,0.1390457818529951,3.970392654761023,298.0,0.17702664235005935,0
171,99.9101678183613,238.93583415597237,287.28626851949406,1.312104779963536,0.2355862618114708,33.18113861478855,2061.0,0.017172557324922864,0
172,101.15403830141548,51.97418817651957,340.60296988342776,1.234394679514075,0.07620167300738595,50.76430608587308,1972.0,0.017992758826243464,0
173,100.69369369369369,186.80980980980982,283.315875864733,1.287500546663052,0.09828316202169272,37.43513074488965,1920.0,0.01850928038920485,0
174,102.21197312156383,41.90897984117288,464.25234113169967,1.28759885541337,0.11428142661760339,56.719895068014615,2730.0,0.012789986086037953,0
175,102.14950760966876,198.67323187108326,316.7806139548616,1.3514142597082817,0.14017897369583696,35.449934417509134,2093.0,0.01689563542501801,0
176,105.14720314033366,170.63297350343473,288.9878653715345,1.2428401422687245,0.19410312282220027,43.957918677711326,1926.0,0.01844817324708651,0
177,106.92807745504841,376.1099585062241,410.0848413417457,1.2869705601462935,0.14052929661257454,51.047905561213156,2263.0,0.015562425448730986,0
178,107.66579973992198,5.210663198959688,218.08799653651621,1.2590375501412974,0.45248828003391567,32.33034018876833,1965.0,0.0180606050866459,0
179,108.04780114722753,36.83747609942639,148.32252560285824,1.3406428069233274,0.09216306844139496,17.299567995744457,1292.0,0.028331739785145343,0
180,109.66628440366972,14.684633027522935,247.29874249654372,1.3202724211521824,0.2861546401037957,34.03193704080877,2076.0,0.017041628536774628,0
181,109.87150415721844,25.299319727891156,375.2021058749167,1.2078103098251936,0.2109953445265394,57.85429296937491,2008.0,0.0176517344181531,0
182,110.04166666666667,48.18452380952381,47.64471185713228,1.2817398889233114,0.09265044424636036,6.806387408161754,371.0,0.12777627000114294,0
183,110.10857908847186,352.86394101876675,423.13041720738903,1.2738344301737092,0.09382910047708651,55.30189769131425,2272.0,0.015497683702948293,0
184,112.307,136.954,283.59947534007307,1.2786711852544421,0.21739032757252624,36.867931794209504,1975.0,0.017963837649828906,0
185,111.86613021214337,286.4125822970007,387.68048278987993,1.2951431415609653,0.16148677818119736,50.76430608587308,2524.0,0.013880797110266005,0
186,113.81772694781988,194.01429592566117,396.75566600076223,1.2548690017606219,0.17703922049626272,53.31670136393374,2145.0,0.016464199492607776,0
187,115.33748801534037,112.8542665388303,295.79425277969625,1.2834218403650386,0.2906718480848021,40.55472497363045,2090.0,0.016921216877290052,0
188,115.46592489568846,223.3337969401947,203.90802276951254,1.2859571044743223,0.1816746527894491,32.61393966410841,1701.0,0.021054840952354804,0
189,114.81142857142856,241.94666666666666,297.77944910707674,1.2428845098245873,0.17470108321177807,39.70392654761023,2197.0,0.016054248664048615,0
190,115.78290993071593,292.8152424942263,368.39571846675494,1.3265802812096321,0.10753466921815939,42.25632182567089,2487.0,0.014096736834449522,0
191,119.04852320675106,131.1740506329114,268.8523026223893,1.313272075505985,0.05701790104051944,36.30073284352935,2193.0,0.016085057153473706,0
192,119.27255813953488,390.10046511627905,304.86943599057855,1.1001057031665342,0.16070086475504952,58.70509139539513,1870.0,0.019034696412459473,0
193,119.91922739244951,280.7963125548727,323.01980241234327,1.321132352790919,0.05402923983809252,39.136727596930086,2208.0,0.015970130659905952,0
194,119.75127644055434,373.0948212983224,388.8148806912402,1.2841967124265457,0.2286387857676783,48.4955102831525,2230.0,0.015804511700277666,0
195,120.975,139.56309523809523,238.2235592856614,1.254515653074733,0.27290724136088934,33.18113861478855,2339.0,0.015032140238506273,0
196,121.33547008547009,229.23183760683762,265.4491089183084,1.3909813297916906,0.22242568024539455,30.34514386138782,2656.0,0.013161526335686189,0
197,120.996632996633,350.3796296296296,336.91617670400683,1.2468816321984235,0.2854602460666096,49.62990818451279,2006.0,0.017670340722635812,0
198,122.97894736842105,360.02267206477734,350.2453520449903,1.3008872711759818,0.42364768880467135,44.808717103731546,2255.0,0.015620429464343525,0
199,124.1119592875318,43.00508905852417,445.8183752345949,1.2646092840167567,0.09219786548703879,62.39188457481608,2642.0,0.013234259378132789,0
200,124.11095100864553,304.071325648415,393.63607177202147,1.2666755144036004,0.17243555590468046,55.58549716665433,2533.0,0.013829267848126763,0
201,124.33062054933876,315.7466937945066,278.77828425929187,1.2524645084243566,0.210441038623231,41.40552339965067,2159.0,0.016351782599214954,0
202,125.01861908456168,146.9875872769589,365.55972371335423,1.253079991341861,0.14083147256549167,50.19710713519294,1962.0,0.01808983894047198,0
203,124.6563209689629,343.21801665404996,374.63490692423653,1.2560225845016475,0.223051985461461,52.46590293791352,1973.0,0.01798310809251637,0
204,126.5,278.34285714285716,19.851963273805115,1.2592514783450863,0.449631360257089,3.970392654761023,216.0,0.3121956644849734,0
205,126.89936102236422,52.13178913738019,355.0665431257715,1.28800065485269,0.31595533949109045,44.52511762839148,2147.0,0.016448045393948216,0
206,127.01663405088063,285.2563600782779,289.8386637975547,1.2437711734472057,0.33122757072641834,43.39071972703118,1927.0,0.01843802792926608,0
207,128.35130111524163,123.75092936802974,305.15303546591866,1.2753015533765375,0.06630704715521375,42.53992130101096,1979.0,0.017925420399076478,0
208,127.76534653465346,134.9841584158416,286.43547009347384,1.2824018307244982,0.09122999713755485,37.43513074488965,2373.0,0.014806431713065631,0
209,129.8369905956113,199.87225705329155,361.87293053393324,1.209614047620408,0.2458413546773614,56.15269611733447,1833.0,0.019443120613962674,0
210,132.16290983606558,178.11680327868854,276.7930879319113,1.1447492387733356,0.17860964406858404,46.510313955771984,1933.0,0.018377389581333635,0
211,131.75336640680368,329.9929128277817,400.1588597048431,1.2118011733071694,0.2484666187035467,62.959083525496226,2037.0,0.01738628005196838,0
212,132.96575342465752,21.91487279843444,289.8386637975547,1.2965406328088842,0.2796892338738188,34.315536516148846,2572.0,0.01361032532376766,0
213,132.69007803790413,260.84392419175026,254.38872938004556,1.2599658468942807,0.14752841747084194,35.166334942169065,1851.0,0.019242261104125625,0
214,134.19132653061226,52.80612244897959,111.17099433330866,1.3024701806293193,0.2654539467182277,15.030772193023873,1052.0,0.035539360286904784,0
215,133.875,290.859375,145.2029313741174,1.3154728237405742,0.13015517593370046,18.150366421764677,1043.0,0.03588167267430938,0
216,134.0737704918033,342.92520491803276,276.7930879319113,1.2911267159815536,0.3226266466971143,37.71873022022972,2783.0,0.012536519484816017,0
217,135.08804448563484,336.0352177942539,306.0038338919389,1.2717067993461557,0.25220434030682115,40.27112549829038,2381.0,0.014754305402944368,0
218,136.07267833109017,184.49259757738898,210.7144101776743,1.2596865597449842,0.18020831523035183,33.748337565468695,2022.0,0.017522579402434253,0
219,136.35959438377535,373.094383775351,363.5745273859737,1.2276075434809093,0.18231921220172723,55.01829821597418,1861.0,0.019132455467483742,0
220,137.12664277180406,10.229390681003585,237.37276085964118,1.2385677935468327,0.13370032801759693,34.88273546682899,2086.0,0.016955446225280585,0
221,136.890625,65.98579545454545,399.3080612788229,1.2477252028464367,0.21940990512794828,56.719895068014615,2321.0,0.01515444154044885,0
222,137.8988764044944,134.08052434456928,302.88423966319806,1.297505529564686,0.1638436024484937,36.30073284352935,2140.0,0.01650472390324381,0
223,138.22005988023952,174.9131736526946,378.8888990543376,1.2284062992056592,0.12527097354548378,52.18230346257345,2174.0,0.016233027108892555,0
224,139.24203187250995,194.8894422310757,284.7338732414334,1.2600196039706835,0.14634652364180775,40.27112549829038,2080.0,0.017007050692678587,0
225,139.207240948814,388.8189762796504,227.16317974739854,1.185113657849943,0.2842847178965655,39.136727596930086,1886.0,0.018863347042544117,0
226,139.96478873239437,77.28873239436619,40.27112549829038,1.3108431863327243,0.09194963031485283,5.104790556121316,396.0,0.11666114691497767,0
227,139.90536013400336,269.143216080402,338.61777355604727,1.2494554927950463,0.24838388689465754,50.19710713519294,2506.0,0.013985016303798748,0
228,140.71038824763903,346.6348373557188,270.2702999990897,1.2941064243583609,0.10814279245049804,40.55472497363045,2200.0,0.016031219635185546,0
229,142.19004524886878,278.158371040724,62.67548405015615,1.2674126564102788,0.3559159781981618,9.075183210882338,954.0,0.03965916963280017,0
230,142.12007332722274,337.95967002749774,309.40702759601976,1.215919457991622,0.1674489910326176,43.957918677711326,2396.0,0.014657551326631855,0
231,144.1348195329087,191.30785562632695,267.15070577034885,1.2748589697614856,0.09245569717024457,36.58433231886943,2003.0,0.017698323842689337,0
232,143.79877515310585,222.18897637795277,324.15420031370354,1.2804472097153758,0.41270770082457575,46.510313955771984,1960.0,0.018109380810339217,0
233,144.9037800687285,98.01374570446735,82.52744732396127,1.1029482514428428,0.30580716653857115,16.448769569724238,437.0,0.10209594787840026,0
234,145.1640502354788,119.21428571428571,361.30573158325313,1.247918203655243,0.3613269654611249,51.33150503655323,2074.0,0.017058970238872706,0
235,144.8890030832477,131.29907502569372,275.9422895058911,1.3167433119785679,0.11153067219065366,35.449934417509134,2040.0,0.01735927423566087,0
236,144.83298755186723,386.11410788381744,273.38989422783044,1.2610507375421505,0.042476827204381874,38.85312812159001,1979.0,0.017925420399076478,0
237,146.1793339026473,158.00341588385996,332.09498562322557,1.2690899258783206,0.1540089671678321,42.82352077635104,2426.0,0.014467800787619674,0
238,146.70938775510203,82.94448979591837,347.4093572915895,1.2229105462304397,0.12864867172809405,52.46590293791352,1896.0,0.018757811501285353,0
239,149.14659685863873,247.9633507853403,54.16749978995396,1.3164286130260605,0.20332846400820856,6.806387408161754,399.0,0.1154559400470913,0
240,148.9748427672956,330.8679245283019,45.09231657907162,1.2812140468954687,0.20283991356932007,6.522787932821681,448.0,0.09878693452748438,0
241,151.04777415852334,126.52008686210641,261.1951167882073,1.2408186152890253,0.2655623538420498,40.838324448970525,2040.0,0.01735927423566087,0
242,150.80349013657056,232.2556904400607,373.7841084982163,1.2984173861472545,0.25378422661405603,48.779109758492574,2479.0,0.014144312870348116,0
243,152.06965174129354,273.9850746268657,57.00349454335469,1.3289729697134007,0.4003671761259786,7.373586358841901,730.0,0.05395552690984373,0
244,152.29504327301336,299.249409913454,360.4549331572329,1.2226552730026161,0.14834051591397437,53.03310188859367,1944.0,0.018267248971981846,0
245,151.97041420118344,351.02366863905326,47.928311332472354,1.2379597645716216,0.40139849767413344,7.089986883501827,393.0,0.11789178072856464,0
246,153.2607709750567,99.93953136810279,375.2021058749167,1.3381432516946508,0.14953927317397192,42.25632182567089,2812.0,0.012402036970779493,0
247,152.58955987717502,198.72671443193448,277.0766874072514,1.2773116599975156,0.15652807048748651,40.838324448970525,2209.0,0.01596252725811197,0
248,154.30307813733228,285.3046566692976,359.3205352558726,1.2482031283904702,0.23802126980750032,52.18230346257345,1975.0,0.017963837649828906,0
249,155.1664133738602,220.37310030395136,373.2169095475362,1.2147773008158769,0.23116755012117757,57.00349454335469,2190.0,0.016108241230317757,0
250,155.67080745341616,159.40579710144928,273.9570931785106,1.2510864843424485,0.21726454867313238,42.82352077635104,1903.0,0.01868463650980654,0
251,156.84970674486803,91.72360703812316,386.8296843638597,1.2060453783110545,0.20666286287550756,60.12308877209549,2163.0,0.016319944905255065,0
252,156.99261083743843,114.3752052545156,345.424160964209,1.2858967212293173,0.11442278373250277,45.94311500509184,2495.0,0.014049479780640878,0
253,157.1173520561685,363.17853560682045,282.74867691405285,1.2245401159155462,0.1549695849213882,41.1219239243106,1515.0,0.023839411746474234,0
254,158.28679245283018,120.72641509433963,300.61544386047746,1.2438528093471328,0.11791810073196056,44.52511762839148,2110.0,0.01675212246893578,0
255,160.48979591836735,286.7142857142857,13.896374291663582,1.1065666703449764,0.6054176998571255,3.970392654761023,169.0,0.555158193146309,0
256,160.24424972617743,346.06681270536694,258.9263209854867,1.3221509906433326,0.5339720250504785,35.166334942169065,2040.0,0.01735927423566087,0
257,159.95021459227468,354.7545064377682,330.39338877118513,1.2471426569831348,0.14839411759297577,47.928311332472354,2190.0,0.016108241230317757,0
258,162.19162087912088,309.94368131868134,412.9208360951464,1.2478002622637545,0.14322361021570634,56.719895068014615,2239.0,0.015737744387284487,0
259,162.66207951070336,71.86009174311927,370.9481137448156,1.2319026332707173,0.17575976989542783,54.45109926529403,2409.0,0.014574718445118812,0
260,162.87447405329593,303.8211781206171,404.4128518349442,1.237560827694558,0.14140539144550945,55.869096641994396,2197.0,0.016054248664048615,0
261,163.83868092691623,221.16399286987522,318.198611331562,1.3064354628294215,0.12392593059565686,43.10712025169111,2336.0,0.015052386519260937,0
262,165.16300366300365,194.9267399267399,309.6906270713598,1.3287466897673783,0.24950173004801457,35.73353389284921,2675.0,0.01306408645943777,0
263,166.30943025540276,329.02750491159134,288.7042658961944,1.2118439731764832,0.12331200604459264,45.3759160544117,1514.0,0.023856374556537017,0
264,166.8343600273785,383.1848049281314,414.3388334718468,1.2970772177062846,0.06546115846832695,52.46590293791352,2676.0,0.013058997995267227,0
265,167.99927272727274,14.041454545454545,389.9492785926005,1.3304817992674,0.08801957675214685,42.25632182567089,2383.0,0.014741331122365229,0
266,168.2461257976299,59.793072014585235,311.1086244480602,1.273458100320761,0.2420357721980595,41.40552339965067,2179.0,0.01619382433823003,0
267,168.07798617966435,96.74432379072063,287.28626851949406,1.285502732560124,0.25238746167327053,40.27112549829038,2139.0,0.01651285273605282,0
268,168.86363636363637,6.069264069264069,393.0688728213413,1.2618843419078043,0.1750919597003452,54.45109926529403,2158.0,0.016359761441684415,0
269,169.31070195627157,73.05753739930955,246.4479440705235,1.2683633882665692,0.18142132925672871,34.88273546682899,1907.0,0.018643077989037946,0
270,169.00293255131965,275.19941348973606,96.70742109096493,1.0735421131104737,0.35341955807464154,19.568363798465043,468.0,0.09328949971309913,0
271,168.8846153846154,322.4423076923077,14.747172717683801,0.970725343394151,0.30004615660382167,3.970392654761023,104.0,-7.277270875318862,0
272,171.1367061356297,54.09903121636168,263.4639125909279,1.2651663352140226,0.1525942068057921,36.017133368189285,2075.0,0.01705029497830239,0
273,171.33503277494538,307.83321194464673,389.38207964192037,1.2643927404825592,0.11572178855296149,53.600300839273814,2114.0,0.016718708322509507,0
274,172.9443961772372,164.85317115551695,326.42299611642414,1.2557426731477295,0.04325625694518907,44.808717103731546,2336.0,0.015052386519260937,0
275,173.08923643054277,196.90064397424104,308.27262969465943,1.2136148835427891,0.2984545544382675,49.06270923383264,2292.0,0.01535572405697905,0
276,174.65968586387436,67.0261780104712,54.16749978995396,1.0283927377401345,0.28480012294525014,11.627578488942996,361.0,0.13283886495640432,0
277,175.04711616571893,356.70268074735986,349.11095414362995,1.2292138519171198,0.3100299930374969,51.6151045118933,2595.0,0.013484425072660462,0
278,175.2420664206642,374.18819188191884,384.27728908579905,1.3183350788300374,0.07368360704880657,41.1219239243106,2868.0,0.01215034606935488,0
279,176.77155655095186,383.1131019036954,253.25433147868526,1.2808346942512763,0.042801556364719086,34.599135991488914,2317.0,0.015181890355335514,0
280,178.3329918032787,347.03688524590166,276.7930879319113,1.3076853534419346,0.13817330194593289,34.599135991488914,2285.0,0.015405113150071035,0
281,179.12755519215045,120.97874080130826,346.8421583409094,1.2385204688490103,0.194169390114316,49.91350765985286,2249.0,0.015664217022961134,0
282,178.47749196141478,330.9790996784566,176.39887366152547,1.0623640446400902,0.2218631751571339,41.689122874990744,1024.0,0.036626436838660806,0
283,180.16666666666666,320.2,17.015968520404385,1.1547005383792515,0.5254931392545489,3.6867931794209503,143.0,0.9748418993134913,0
284,180.6813681368137,13.216021602160216,315.0790171028212,1.2714407796533886,0.15694242930455804,44.52511762839148,2165.0,0.016304072505179717,0
285,181.0569159497022,58.930509596293845,428.51880723885046,1.334022544129669,0.17591809742562056,47.3611123817922,2951.0,0.011795546862552015,0
286,182.3298271975958,52.334335086401204,377.4709016776373,1.289732906146111,0.26500840998330794,51.6151045118933,2416.0,0.014530502727921061,0
287,181.98363338788872,283.79541734860885,346.5585588655693,1.2907831393884968,0.2626359161181083,45.3759160544117,2244.0,0.01570089462334541,0
288,181.7141600703606,340.0923482849604,322.4526034616631,1.304211431564451,0.2720219796371529,41.97272235033082,2173.0,0.0162408904509964,0
289,183.21884057971013,84.79347826086956,391.36727596930086,1.2867777980091495,0.13968040089999623,47.64471185713228,2196.0,0.01606193971691827,0
290,184.1690036900369,24.94022140221402,384.27728908579905,1.286317435987502,0.22511917692020827,47.3611123817922,2272.0,0.015497683702948293,0
291,183.95413533834588,354.0218045112782,377.1873022022972,1.3144654993084377,0.04028332223983661,46.226714480431916,2928.0,0.011891772395348162,0
292,184.9336931380108,135.7401696222051,367.8285195160748,1.2544446808085814,0.22352306106495262,49.91350765985286,2114.0,0.016718708322509507,0
293,187.0,293.0888888888889,25.523952780606578,1.1737877907772674,0.38180855659658863,4.253992130101096,229.0,0.27848482452469436,0
294,186.81016231474948,346.0169371912491,401.86045655688355,1.2377843478341124,0.14595646481855504,57.85429296937491,2089.0,0.016929761251197474,0
295,187.555787278415,1.9155370177267987,271.9718968511301,1.1647409500438592,0.08770790976907859,47.928311332472354,2249.0,0.015664217022961134,0
296,188.18724109362054,101.95691797845899,342.3045667354682,1.2872454422138826,0.052538255969429695,46.79391343111206,2341.0,0.015018672949063493,0
297,187.6910891089109,181.8990099009901,286.43547009347384,1.2539047921284823,0.04047893960640946,41.1219239243106,1940.0,0.01830714701812352,0
298,187.79527559055117,204.751968503937,72.03426673637857,1.2470437483249015,0.13435372967683307,10.493180587582705,682.0,0.05847226504733541,0
299,187.66367713004485,331.729446935725,379.4560980050178,1.2605311239708652,0.16967082406162035,54.16749978995396,2037.0,0.01738628005196838,0
300,189.1969140337987,15.268185157972079,385.9788859378395,1.2495406944544551,0.18163273252662035,52.46590293791352,2310.0,0.015230165806555713,0
301,189.31897150799165,123.22307157748436,408.0996450143652,1.289827630418809,0.22348082673932032,53.600300839273814,2209.0,0.01596252725811197,0
302,189.84834968777878,40.91971454058876,317.91501185622195,1.177396392823622,0.318070519983662,54.73469874063411,1635.0,0.021965235360510715,0
303,190.21206743566992,57.90328305235138,319.6166087082624,1.3167408879900036,0.2026056066581971,36.58433231886943,2693.0,0.01297309659405698,0
304,189.687306501548,71.93808049535603,91.60263053484361,1.267600546509363,0.19051660295060804,13.045575865643363,621.0,0.06543334630160881,0
305,190.19480519480518,92.84415584415585,21.83715960118563,1.1897833481707565,0.144055379894336,3.6867931794209503,225.0,0.28805533876855455,0
306,190.976401179941,242.3992133726647,288.42066642085433,1.3050088815499636,0.10578132496739281,38.56952864624994,2221.0,0.015871847947047366,0
307,191.3078260869565,364.22869565217394,326.13939664108403,1.2727922061357855,0.1311710744193983,44.2415181530514,2698.0,0.012948046133555241,0
308,191.78813559322035,149.19722650231125,368.1121189914149,1.2328952983286887,0.1629311096712808,53.31670136393374,1963.0,0.018080083812763357,0
309,191.8828382838284,236.04620462046205,171.8612820560843,1.330649113292558,0.6193697225528881,23.82235592856614,957.0,0.039518930932281045,0
310,192.9853896103896,50.607142857142854,349.39455361897006,1.2522706649050828,0.2812666326347736,51.33150503655323,2288.0,0.01538390754698767,0
311,193.1125112511251,350.17281728172816,315.0790171028212,1.3593692612674628,0.04809649113488595,33.46473809012863,2202.0,0.01601590361866263,0
312,195.14818101153506,102.95829636202308,319.6166087082624,1.3500139668671833,0.11750144219686144,34.599135991488914,2892.0,0.012045578857965594,0
313,195.38072669826224,389.8088467614534,179.51846789026627,1.1963609910278254,0.04578449297114897,31.763141238088185,1920.0,0.01850928038920485,0
314,195.824200913242,6.057077625570776,124.21657019895201,1.3033150566867173,0.26274996297470193,15.314371668363947,859.0,0.04468003461530725,0
315,195.8684210526316,75.09210526315789,21.553560125845554,1.1527997954636584,0.24267032559817855,4.537591605441169,294.0,0.1808461349656868,0
316,195.88599348534203,206.10097719869708,87.06503892940243,1.2685111434956489,0.41582953220439106,13.329175340983435,776.0,0.05023664636048876,0
317,195.78995815899583,300.0460251046025,338.9013730313873,1.2115207083571633,0.17964905162051517,51.898703987233375,1835.0,0.01942059605268709,0
318,197.75483214649034,45.3468972533062,278.77828425929187,1.265393516973103,0.1726688530158826,37.71873022022972,2237.0,0.015752532770442487,0
319,198.18800539083557,180.20956873315365,420.8616214046685,1.288033248637506,0.1801228591624138,53.03310188859367,2347.0,0.01497841547672382,0
320,198.0547138047138,325.40909090909093,336.91617670400683,1.313937204142944,0.18768292964198593,42.25632182567089,2262.0,0.015569652381590651,0
321,198.14891179839634,373.91523482245134,247.5823419718838,1.2070810550826812,0.34390220612676276,41.97272235033082,1632.0,0.022008491245998366,0
322,199.11018518518517,217.7888888888889,306.28743336727894,1.2899181713926233,0.08365813906936656,38.28592917090987,2356.0,0.014918432309958056,0
323,200.15549215406563,17.054208273894435,397.60646442678245,1.338553736524418,0.06467932824640053,42.25632182567089,2729.0,0.012794867028280142,0
324,199.92931392931393,81.02806652806653,272.82269527715033,1.3092506307568517,0.08070799215994975,33.46473809012863,2287.0,0.015390969591670488,0
325,199.71949404761904,111.17410714285714,381.15769485705823,1.2574184627546194,0.22778639301890632,53.03310188859367,2065.0,0.017137446672285173,0
326,200.12666666666667,194.81833333333333,170.15968520404385,1.298075498574717,0.1235897711686032,21.83715960118563,1282.0,0.02857319123181905,0
327,201.7593984962406,208.1578947368421,37.71873022022972,1.3235859243918093,0.2448717863981362,5.104790556121316,416.0,0.10907078480354519,0
328,202.36444885799403,245.37437934458788,285.5846716674536,1.3160079262550952,0.25517096753299323,41.689122874990744,2100.0,0.01683624510994972,0
329,201.99101796407186,305.24700598802394,378.8888990543376,1.2779802552990134,0.22582299268679468,47.64471185713228,2384.0,0.01473485253506948,0
330,201.79333333333332,381.14666666666665,42.53992130101096,1.267543556122103,0.14796449164389885,5.671989506801462,481.0,0.0900328218774519,0
331,202.8547807332854,75.73759884974838,394.4868701980417,1.2388974946123354,0.14949137136469492,56.43629559267455,2402.0,0.01461920407684274,0
332,202.9588122605364,140.00383141762453,296.0778522550363,1.282433629988574,0.13460874366775252,38.85312812159001,2082.0,0.016989814336713902,0
333,204.05507474429584,171.92997639653817,360.4549331572329,1.3021195575868587,0.14030330503672309,42.53992130101096,2720.0,0.012838963727042558,0
334,204.10699865410498,368.93876177658143,421.4288203553486,1.2944648701817247,0.2609007879191536,49.62990818451279,2557.0,0.013693708544313874,0
335,205.07142857142858,47.96695095948827,266.0163078689886,1.1979015055744648,0.14602388638771926,42.25632182567089,2302.0,0.0152857150562996,0
336,204.71273291925465,389.7996894409938,182.63806211900706,1.224744871391589,0.17905207189704306,29.777944910707674,2250.0,0.01565690205638559,0
337,205.62119725220805,295.15996074582927,288.9878653715345,1.3250067120758762,0.14861878607685863,37.15153126954957,2109.0,0.016760496885282708,0
338,206.7012195121951,94.03658536585365,93.02062791154397,1.299624711308577,0.04590987593132191,12.478376914963215,888.0,0.04301755974586339,0
339,209.31365313653137,179.99630996309963,230.56637345147942,1.2761411698408816,0.12814210064627307,31.763141238088185,1436.0,0.025258218204071828,0
340,209.37690457097034,301.85084202085005,353.64854574907116,1.2087624481155668,0.15487296918289417,55.30189769131425,1926.0,0.01844817324708651,0
341,210.04054054054055,56.88223938223938,146.90452822615785,1.1707503451446728,0.3186046387825865,24.389554879246287,742.0,0.05293330770279217,0
342,209.80123266563945,162.75423728813558,368.1121189914149,1.2974432603653574,0.3261427808953194,46.510313955771984,2448.0,0.014331743425904712,0
343,210.311872909699,225.22408026755852,339.18497250672743,1.225086168561762,0.22091088214297452,53.03310188859367,1852.0,0.019231223854973854,0
344,210.03854094975912,273.0268410185822,412.0700376691262,1.1822849318221749,0.19113143817095873,69.19827198297783,2022.0,0.017522579402434253,0
345,210.89908256880733,79.24587155963303,154.56171406033982,1.3055983899972083,0.017044942349373413,20.419162224485262,1116.0,0.033281532976339415,0
346,211.26260162601625,107.34959349593495,348.8273546682899,1.2633031937542125,0.21360948566953775,49.91350765985286,1967.0,0.018041168286488843,0
347,210.98448519040903,244.2404795486601,402.14405603222366,1.2870736315942748,0.03668538524136986,51.6151045118933,2549.0,0.013738598722125862,0
348,211.8485868102288,32.2442799461642,421.4288203553486,1.2644853830645293,0.1845610070653832,55.869096641994396,2332.0,0.01507946654987581,0
349,211.99264705882354,386.90441176470586,38.56952864624994,1.3985286385845577,0.07905694084540164,4.537591605441169,511.0,0.08332051387298019,0
350,213.26202749140893,4.792096219931271,330.1097892958451,1.2846570136077893,0.30415870714739224,44.808717103731546,2047.0,0.017296585745809192,0
351,212.84190031152647,234.7710280373832,364.14172633665385,1.29671283422924,0.13917319286181223,47.077512906452135,2653.0,0.01317704460725302,0
352,213.94323432343234,97.17623762376238,429.65320514021073,1.3317647539021198,0.15137022442663406,47.077512906452135,2862.0,0.012176823248874593,0
353,214.18447293447292,219.09259259259258,398.1736633774626,1.2554723518305078,0.35462879294988997,56.719895068014615,2359.0,0.014898544539162171,0
354,214.15659955257271,249.46085011185681,126.76896547701267,1.0991149581709676,0.2769704240223875,26.941950157306945,626.0,0.06480100911306007,0
355,216.22232223222323,46.15121512151215,315.0790171028212,1.3046341276467905,0.3223404047880842,43.957918677711326,2124.0,0.01663575323791741,0
356,217.0423330197554,63.06020696142991,301.4662422864977,1.2394427176094842,0.35737300575867226,44.2415181530514,2108.0,0.01676887967858907,0
357,217.98473282442748,177.04325699745547,111.45459380864872,1.3412614168368393,0.03919732123786198,13.045575865643363,867.0,0.044208721781385574,0
358,217.98300970873785,184.30501618122977,350.52895152033034,1.23264653316681,0.20869846234179215,51.6151045118933,2218.0,0.01589442105103292,0
359,218.25935828877004,288.9110962566845,424.26481510874936,1.2239259178587636,0.12786219196810816,63.52628247617637,2183.0,0.01616259819040591,0
360,218.9278846153846,53.683653846153845,294.94345435367603,1.2380195102228024,0.3266764046823,43.39071972703118,1955.0,0.01815842070167191,0
361,218.6754491017964,122.0443113772455,236.80556190896104,1.159186169193844,0.2154746422123048,41.1219239243106,1765.0,0.020241320275746353,0
362,219.06578947368422,235.07894736842104,43.10712025169111,1.224744871391589,0.40217304924032776,6.806387408161754,451.0,0.09792137668828348,0
363,220.77691645133507,5.79328165374677,329.25899086982486,1.3167574299008022,0.18876534756492183,37.43513074488965,2406.0,0.014593750521237306,0
364,221.03296703296704,224.8846153846154,51.6151045118933,1.2774459408789602,0.09701621729115663,7.089986883501827,425.0,0.10596819539419017,0
365,221.81146025878004,75.79020332717191,306.8546323179591,1.2858536438279655,0.16776847239143694,37.43513074488965,2285.0,0.015405113150071035,0
366,222.07402135231317,255.86548042704626,398.45726285280267,1.330453592413443,0.0796500153718864,44.52511762839148,2573.0,0.013604802533276204,0
367,221.98823529411766,390.1058823529412,24.10595540390621,1.1782339725698148,0.10400156836112787,4.253992130101096,329.0,0.15212644140013115,0
368,222.93246541903986,329.0618388934093,348.54375519294985,1.3771942326463975,0.04303414043782516,36.017133368189285,2394.0,0.014670378487978952,0
369,224.35332606324974,124.11995637949836,260.06071888684704,1.2857748683170154,0.4170682730764148,41.1219239243106,2237.0,0.015752532770442487,0
370,224.25,132.94322033898305,334.6473809012862,1.2487281665351773,0.07105430450414804,48.4955102831525,2197.0,0.016054248664048615,0
371,225.2171974522293,238.93566878980891,445.25117628391473,1.259359861654522,0.22805263942818801,60.97388719811571,2454.0,0.01429507986182155,0
372,227.96540362438222,83.04283360790774,344.28976306284875,1.310205788884212,0.10372996267661638,41.1219239243106,2516.0,0.013926924346006574,0
373,229.32128514056225,37.92530120481928,353.081346798391,1.2094009270749047,0.1298129978607047,54.45109926529403,1799.0,0.019834193083427876,0
374,230.99345335515548,119.53436988543372,346.5585588655693,1.308726846002178,0.20986233889217887,44.808717103731546,2180.0,0.016186006495059913,0
375,233.00588235294117,87.07058823529412,48.21191080781242,1.2053800962644887,0.28139999234242796,7.373586358841901,433.0,0.1033548652950675,0
376,233.3595915390226,175.9897884755653,388.8148806912402,1.2355658230100564,0.1552877974046098,57.85429296937491,2002.0,0.01770767125517711,0
377,233.93762993762994,372.22869022869025,409.23404291572547,1.2431377821430516,0.1780772493303353,57.85429296937491,2165.0,0.016304072505179717,0
378,234.98230088495575,257.7227138643068,96.14022214028478,1.2241425871794154,0.25715550551384225,14.463573242343728,699.0,0.05678859200014397,0
379,235.29163636363637,268.76509090909093,389.9492785926005,1.2533591228810244,0.04592762200283986,54.16749978995396,2154.0,0.01639175482926455,0
380,235.0536149471974,346.72461413484973,349.11095414362995,1.3304531578372178,0.10468809347496309,39.70392654761023,2314.0,0.015202542309180406,0
381,236.1220435193945,100.79943235572375,299.76464543445724,1.329029635840484,0.06909722819266918,34.88273546682899,2203.0,0.016008256579701865,0
382,237.90524048815507,168.7659727207466,395.0540691487218,1.249263961331854,0.16680775631156577,55.01829821597418,2158.0,0.016359761441684415,0
383,239.02258726899385,109.09582477754962,414.3388334718468,1.2792772600215379,0.34045825693668186,55.58549716665433,2721.0,0.012834049089569803,0
384,239.32461873638346,157.03050108932462,390.51647754328064,1.2364002379057484,0.08630456790811929,54.16749978995396,2239.0,0.015737744387284487,0
385,238.61567877629062,327.03728489483746,296.64505120571647,1.2471765435510478,0.10540919000939693,41.689122874990744,2034.0,0.01741337002507485,0
386,240.7208510638298,212.32425531914893,333.2293835245859,1.2031872566097452,0.2353657399528792,52.749502413253595,1632.0,0.022008491245998366,0
387,241.07929515418502,246.91629955947135,64.3770809021966,1.2852946661581637,0.11659996285166878,8.224384784862119,553.0,0.07544581091541852,0
388,241.82020547945206,133.5958904109589,331.24418719720535,1.2578520504502577,0.17462729926573275,48.4955102831525,2392.0,0.014683228119680064,0
389,243.29201101928373,192.8558310376492,308.8398286453396,1.2018504251546631,0.10088375523731721,47.64471185713228,1548.0,0.02329286144570111,0
390,242.70634920634922,303.3403880070547,321.6018050356429,1.2892856532168613,0.32532118930963355,45.659515529751765,2110.0,0.01675212246893578,0
391,244.24601366742596,16.15261958997722,373.50050902287626,1.2588336311276445,0.1636980937363715,49.34630870917272,2039.0,0.017368266847894425,0
392,244.6140510948905,37.806569343065696,310.8250249727201,1.2818924195042585,0.11882694487203597,41.1219239243106,2002.0,0.01770767125517711,0
393,244.5858123569794,325.31121281464533,123.93297072361194,1.1629285214472227,0.1299745535816364,22.97155750254592,613.0,0.06647116193398123,0
394,245.25761531766753,371.81984334203656,325.855797165744,1.3360503213841424,0.2406440618206654,38.56952864624994,2237.0,0.015752532770442487,0
395,245.78519710378117,117.93081255028157,352.51414784771083,1.240571845408509,0.16417533960670067,51.898703987233375,1938.0,0.018327161469535416,0
396,245.88283378746593,268.1525885558583,104.08100744980682,1.2073796700188935,0.17422341384303128,16.165170094384166,676.0,0.05909059077831495,0
397,246.05474095796677,339.65298142717495,290.12226327289477,1.241589496181547,0.2148185087136076,43.10712025169111,2067.0,0.017119945130863796,0
398,246.8957528957529,239.34749034749035,146.90452822615785,1.2160446039370754,0.2902984824955859,23.255156977885992,1146.0,0.032319075983855826,0
399,248.12196861626248,100.15477888730385,397.60646442678245,1.3012668029421839,0.08937742140469186,44.2415181530514,2477.0,0.014156257099070061,0
400,248.13721413721413,273.991683991684,136.41134763857517,1.2369905133611698,0.27154291620624876,19.28476432312497,890.0,0.042907454923435735,0
401,249.0392156862745,224.0149019607843,361.5893310585932,1.2427041987094902,0.11765131056552032,53.600300839273814,2480.0,0.014138348311185423,0
402,249.31578947368422,308.7148468185389,361.022132107913,1.2019230467097706,0.21315024189103363,58.421491920055054,1810.0,0.01970595925097168,0
403,253.180073800738,133.69741697416976,384.27728908579905,1.228204822035335,0.1752144629871991,57.287094018694766,2004.0,0.01768898629349988,0
404,252.7084357084357,155.3226863226863,346.27495939022924,1.2798443803844426,0.10671344270446957,51.33150503655323,2320.0,0.015161294434828988,0
405,252.91434689507494,248.017130620985,132.44095498381412,1.2655880301656228,0.24121918890203686,17.866766946424605,902.0,0.04225848327219816,0
406,253.1289782244556,337.60804020100505,338.61777355604727,1.2759861690150045,0.27142854857437687,45.94311500509184,2317.0,0.015181890355335514,0
407,254.32979851537647,11.813361611876989,267.4343052456889,1.2783373347686495,0.20970840111866965,37.43513074488965,1891.0,0.018810431246828588,0
408,254.11238532110093,51.85703363914373,370.9481137448156,1.28446373821966,0.3568775400586242,50.48070661053301,2327.0,0.015113453917448496,0
409,255.16197183098592,32.82922535211267,322.16900398632305,1.3222100576760556,0.1623505485393604,36.58433231886943,2335.0,0.015059147404525011,0
410,255.35606936416184,39.72947976878613,245.31354616916323,1.2694726045258395,0.2514063361015252,36.867931794209504,1876.0,0.018970076834895096,0
411,256.3948936170213,160.84085106382977,333.2293835245859,1.2517222178416016,0.09430023621557664,50.19710713519294,2214.0,0.015924618590944083,0
412,257.2298747763864,110.84973166368515,317.06421343020173,1.2181542681898394,0.1687860662108605,52.749502413253595,1984.0,0.017877629290857153,0
413,257.09626719056973,266.30844793713163,144.3521329480972,1.236320035372102,0.11430774327807262,24.10595540390621,904.0,0.042152225128193443,0
414,257.03106796116504,279.0699029126214,146.05372980013763,1.2067769800636945,0.1360227844160345,22.97155750254592,802.0,0.04835293378528757,0
415,257.65996168582376,217.31130268199234,296.0778522550363,1.2662733811709337,0.2594332732975632,46.226714480431916,1995.0,0.01777338063256564,0
416,259.37619047619046,235.82222222222222,178.66766946424605,1.2324964985944662,0.17232534904549318,27.225549632647017,990.0,0.038039312915214965,0
417,260.7894736842105,19.97113752122241,334.0801819506061,1.2766679891417154,0.36184170073526767,45.09231657907162,2188.0,0.016123734446365043,0
418,262.14806017418846,56.79651623119557,358.1861373545123,1.3233992556539391,0.10922069285884971,43.957918677711326,2488.0,0.014090812324373194,0
419,262.97687861271675,256.0655105973025,147.18812770149793,1.2554313600541136,0.2809856304131096,20.702761699825334,1041.0,0.03595863953050073,0
420,263.8086956521739,337.05652173913046,65.22787932821682,1.2388634342394855,0.10614051637027573,10.209581112242631,513.0,0.0829084367717804,0
421,264.6332046332046,48.63223938223938,293.8090564523157,1.2251388700736137,0.20767799995479586,49.06270923383264,1910.0,0.018612030217092394,0
422,264.65466101694915,263.885593220339,133.8589523605145,1.2029272207016868,0.18245889401089305,20.702761699825334,1088.0,0.0342330234189463,0
423,266.306338028169,313.03345070422534,161.08450199316152,1.2383257665999492,0.48812307091983326,25.80755225594665,878.0,0.04357667022511298,0
424,267.1513812154696,99.42762430939227,256.65752518276616,1.335449517714781,0.10687667033884,32.04674071342826,2140.0,0.01650472390324381,0
425,266.67745004757376,307.0247383444339,298.0630485824168,1.3638670046855845,0.32834886141313147,36.30073284352935,2192.0,0.016092777760395686,0
426,266.9642857142857,389.5,15.881570619044092,1.0856202966836188,0.19047618594104312,3.970392654761023,562.0,0.07394818624248281,0
427,268.0749531542786,175.17676452217364,454.04276001945703,1.2332576463319018,0.20213673603402083,66.07867775423703,2367.0,0.014845768797760901,0
428,269.79491255961847,188.81796502384736,356.7681399778119,1.2395829854198743,0.13510708578553415,53.03310188859367,2348.0,0.014971726871118925,0
429,269.8232984293194,301.14267015706804,216.66999915981583,1.2678051281375766,0.22549882011630218,32.897539139448476,1704.0,0.021015249121792322,0
430,271.25866666666667,232.99466666666666,106.34980325252741,1.2011105971835678,0.241891506895355,17.299567995744457,604.0,0.06767877014612798,0
431,271.015873015873,262.037037037037,160.80090251782144,1.2584809297088762,0.12171705587748614,25.240353305266506,1417.0,0.02562500876769102,0
432,271.8723404255319,351.29787234042556,226.5959807967184,1.2617408559146983,0.3242088684098677,32.04674071342826,1498.0,0.024131100309340965,0
433,273.0996932515337,204.88650306748465,369.8137158434553,1.2666074682108925,0.3973253439358328,50.19710713519294,2034.0,0.01741337002507485,0
434,273.10285714285715,254.84,99.25981636902559,1.2512850537404678,0.2506799951675386,14.463573242343728,816.0,0.04739598166729028,0
435,273.93548387096774,295.1505376344086,131.873756033134,1.185939126980481,0.06480587168775978,22.1207590765257,836.0,0.046092807390633636,0
436,274.77272727272725,101.85506003430531,330.67698824652524,1.2596114187492775,0.1355333682546164,43.39071972703118,2726.0,0.01280953223273546,0
437,274.78233215547704,176.79363957597172,401.29325760620344,1.2581887256123185,0.2271362386389885,53.600300839273814,2482.0,0.014126434271423701,0
438,275.6045751633987,334.22549019607845,86.78143945406237,1.212678125181665,0.2271006530777105,14.179973767003654,646.0,0.06238932794685393,0
439,275.8054263565891,357.1356589147287,365.8433231886943,1.3035431738924301,0.13271017109995134,50.48070661053301,2846.0,0.01224799650884495,0
440,275.79553571428573,364.93125,317.63141238088184,1.3925823904838501,0.2636236276623527,31.479541762748113,3055.0,0.011379194752753839,0
441,275.7116249197174,377.9068721901092,441.5643831044938,1.298188055962937,0.07056285028964805,58.988690870735205,2804.0,0.0124388465572815,0
442,277.3119755911518,196.10373760488176,371.7989121708358,1.2489507419265833,0.0690815870650451,55.58549716665433,2194.0,0.0160773439510146,0
443,277.62747035573125,51.823122529644266,287.00266904415395,1.1961730809233635,0.1420293121616855,46.510313955771984,2099.0,0.016844703864825908,0
444,278.2249357326478,117.73521850899743,220.64039181457687,1.268057235171564,0.06795262262079303,32.04674071342826,1526.0,0.023654400560804704,0
445,279.2773109243698,313.3781512605042,33.748337565468695,1.2635816774004698,0.26397866442837115,4.821191080781243,350.0,0.13889218259689734,0
446,280.24,104.81133333333334,425.39921301010963,1.3030732903409539,0.03799795295934729,54.16749978995396,2585.0,0.013538876954747862,0
447,279.9980694980695,369.4111969111969,146.90452822615785,1.1707503451446728,0.6668288425379586,31.19594228740804,1561.0,0.023084372949188917,0
448,281.3008442056792,57.06753645433615,369.5301163681152,1.285732558434638,0.15747751881320052,46.226714480431916,2275.0,0.015476222659351356,0
449,280.92972972972973,232.84324324324325,104.93180587582704,1.249864857559473,0.22417461133622985,15.030772193023873,665.0,0.060258823825372725,0
450,280.9019607843137,257.02941176470586,28.927146484687455,1.2871918058696767,0.23136247247878114,3.6867931794209503,426.0,0.10563432460928104,0
451,281.03767123287673,286.1575342465753,165.62209359860267,1.2358791446876887,0.18908199241861187,23.82235592856614,938.0,0.0404242434148732,0
452,282.9149659863946,245.92857142857142,166.75649149996298,1.306706927048785,0.37259736419931544,20.419162224485262,1463.0,0.024754692289573044,0
453,283.3588932806324,356.803162055336,358.7533363051925,1.214861855547058,0.6073978438887055,69.48187145831791,1818.0,0.019613734882964445,0
454,284.92792792792795,388.98198198198196,31.479541762748113,1.2592003754707135,0.2528507794323984,4.537591605441169,314.0,0.163236354781907,0
455,286.1819085487078,32.57355864811133,285.3010721921135,1.3060495425345364,0.1516257474652289,37.15153126954957,2173.0,0.0162408904509964,0
456,286.35,265.63695652173914,130.45575865643363,1.1996376264450064,0.18602407279285205,20.98636117516541,1009.0,0.03723661112082375,0
457,286.2531561461794,364.421926910299,426.81721038681,1.2463901363910994,0.1028224533519379,70.33266988433813,1833.0,0.019443120613962674,0
458,287.2089552238806,235.00746268656715,38.00232969556979,1.3015490197246773,0.2985341717488187,4.821191080781243,350.0,0.13889218259689734,0
459,288.93740685543963,115.26005961251863,380.59049590637807,1.2143577230712177,0.23077254162660965,56.15269611733447,2254.0,0.01562771038241118,0
460,288.8956310679612,256.86893203883494,116.84298384011011,1.298804528743065,0.11955829329191926,15.314371668363947,1025.0,0.03658646878632984,0
461,291.3389288569145,212.89048760991207,354.78294365043143,1.1501920042682672,0.1236654216926118,62.959083525496226,1890.0,0.018820990642186577,0
462,290.63726182074805,377.5695130557516,401.86045655688355,1.2306369018487764,0.08276349603692353,68.63107303229769,1810.0,0.01970595925097168,0
463,292.85154394299286,273.82779097387174,238.79075823634153,1.2885389173663697,0.13108226066116271,30.912342812067966,1597.0,0.02252602746009548,0
464,294.2131736526946,9.847904191616767,236.80556190896104,1.3173189975542619,0.41337233246120664,30.912342812067966,1465.0,0.024718191518371204,0
465,294.1613475177305,286.9804964539007,159.95010409180122,1.213108076666609,0.23735137592956151,24.67315435458636,973.0,0.0387874314700782,0
466,295.0833333333333,188.03205128205127,44.2415181530514,1.2909944487358056,0.13658584279999947,5.955588982141535,495.0,0.08677070263576082,0
467,295.2486427795874,381.6047774158523,261.1951167882073,1.3874730387379626,0.13546748757019206,35.166334942169065,2001.0,0.01771702854659944,0
468,295.82859761686524,60.043996333638866,309.40702759601976,1.2361051750018528,0.05300784602365192,45.94311500509184,2138.0,0.01652098957996019,0
469,295.95238095238096,279.77777777777777,35.73353389284921,1.1952286093343936,0.4286772315336226,5.955588982141535,365.0,0.13076643786598474,0
470,297.11738484398217,205.04309063893015,381.7248938077384,1.1849727741526015,0.23928087447913426,61.54108614879586,2166.0,0.016296147877360865,0
471,297.1455399061033,228.88262910798122,60.40668824743557,1.100576033554158,0.2705235192921111,13.045575865643363,366.0,0.1302583956076058,0
472,297.6523517382413,213.78118609406954,277.3602868825915,1.2637788629008353,0.3635555461342107,43.39071972703118,2949.0,0.011803852436845562,0
473,297.9334975369458,255.5270935960591,115.14138698806967,1.1941977953355283,0.5229553711296521,21.83715960118563,1571.0,0.02292651951627055,0
474,298.2708333333333,267.625,81.67664889794105,1.0639287779003088,0.35317231668253185,17.015968520404385,839.0,0.04590348677398528,0
